Name,pop_combined,area_km2
Aseret,110652.0,77.25424859
Beit Govrin,596.0,77.25424859
Bnei Brit,42619.0,77.25424859
Bridge,853497.0,64.89519532
Center,654018.0,50.50131828
Hertzeliya,226007.0,53.65408541
Jaffa,552812.0,39.28557835
Segafim,31511.0,77.25424859
Shontsino,805409.0,62.87387388
Tinshemet,40370.0,77.25424859
